ID,Category,Name,Method,MethodArgument,RegistryPath,RegistryItem,ClassName,Namespace,Property,DefaultValue,RecommendedValue,Operator,Severity
1.1.1,Account Policies,Length of password history maintained,accountpolicy,,,,,,,None,24,>=,Low
1.1.2,Account Policies,Maximum password age,accountpolicy,,,,,,,42,365,<=!0,Low
1.2.1,Account Policies,Account lockout duration,accountpolicy,,,,,,,30,15,>=,Low
1.2.2,Account Policies,Account lockout threshold,accountpolicy,,,,,,,Never,5,<=!0,Low
2.2.1,User Rights Assignment,Access Credential Manager as a trusted caller,accesschk,SeTrustedCredManAccessPrivilege,,,,,,,,=,Medium
2.2.4,User Rights Assignment,Act as part of the operating system,accesschk,SeTcbPrivilege,,,,,,,,=,Medium
2.2.6,User Rights Assignment,Adjust memory quotas for a process,accesschk,SeIncreaseQuotaPrivilege,,,,,,BUILTIN\Administrators;NT AUTHORITY\NETWORK SERVICE;NT AUTHORITY\LOCAL SERVICE,BUILTIN\Administrators;NT AUTHORITY\NETWORK SERVICE;NT AUTHORITY\LOCAL SERVICE,=,Medium
2.2.10,User Rights Assignment,Back up files and directories,accesschk,SeBackupPrivilege,,,,,,BUILTIN\Administrators;BUILTIN\Backup Operators,BUILTIN\Administrators,=,Medium
2.2.18.1,User Rights Assignment,Create symbolic links (Member),accesschk,SeCreateSymbolicLinkPrivilege,,,,,,BUILTIN\Administrators,BUILTIN\Administrators,=,Medium
2.2.18.2,User Rights Assignment,"Create symbolic links (Member, Hyper-V)",accesschk,SeCreateSymbolicLinkPrivilege,,,,,,S-1-5-83-0;BUILTIN\Administrators,NT VIRTUAL MACHINE\Virtual Machines;BUILTIN\Administrators,=,Medium
2.2.19,User Rights Assignment,Debug programs,accesschk,SeDebugPrivilege,,,,,,BUILTIN\Administrators,BUILTIN\Administrators,=,Medium
2.2.37.1,User Rights Assignment,Manage auditing and security log (DC),accesschk,SeSecurityPrivilege,,,,,,BUILTIN\Administrators,BUILTIN\Administrators,=,Medium
5.1.1,System Services,Print Spooler (Spooler) (DC only) ,Registry,,HKLM:\SYSTEM\CurrentControlSet\Services\Spooler,Start,,,,2,4,=,Medium
5.1.2,System Services,Print Spooler (Spooler) (Service Startup type) (DC only) ,service,Spooler,,,,,,Automatic,Disabled,=,Medium
5.2.1,System Services,Print Spooler (Spooler) (MS only),Registry,,HKLM:\SYSTEM\CurrentControlSet\Services\Spooler,Start,,,,2,4,=,Medium
9.1.1,Windows Firewall,"EnableFirewall (Domain Profile, Policy)",Registry,,HKLM:\SOFTWARE\Policies\Microsoft\WindowsFirewall\DomainProfile,EnableFirewall,,,,0,1,=,Medium
9.1.2,Windows Firewall,"Inbound Connections (Domain Profile, Policy)",Registry,,HKLM:\SOFTWARE\Policies\Microsoft\WindowsFirewall\DomainProfile,DefaultInboundAction,,,,1,1,=,Medium
9.2.1,Windows Firewall,"EnableFirewall (Private Profile, Policy)",Registry,,HKLM:\SOFTWARE\Policies\Microsoft\WindowsFirewall\PrivateProfile,EnableFirewall,,,,0,1,=,Medium
9.2.4,Windows Firewall,"Display a notification (Private Profile, Policy)",Registry,,HKLM:\SOFTWARE\Policies\Microsoft\WindowsFirewall\PrivateProfile,DisableNotifications,,,,0,1,=,Low
18.9.4.1,Administrative Templates: Windows Components,App Package Deployment: Allow a Windows app to share application data between users,Registry,,HKLM:\Software\Policies\Microsoft\Windows\CurrentVersion\AppModel\StateManager,AllowSharedLocalAppData,,,,1,0,=,Medium
18.9.6.1,Administrative Templates: Windows Components,App runtime: Allow Microsoft accounts to be optional,Registry,,HKLM:\Software\Microsoft\Windows\CurrentVersion\Policies\System,MSAOptional,,,,0,1,=,Medium
18.9.8.1,Administrative Templates: Windows Components,AutoPlay Policies: Disallow Autoplay for non-volume devices,Registry,,HKLM:\Software\Policies\Microsoft\Windows\Explorer,NoAutoplayfornonVolume,,,,0,1,=,Medium
18.9.8.2,Administrative Templates: Windows Components,AutoPlay Policies: Set the default behavior for AutoRun,Registry,,HKLM:\Software\Microsoft\Windows\CurrentVersion\Policies\Explorer,NoAutorun,,,,0,1,=,Medium
18.9.8.3,Administrative Templates: Windows Components,AutoPlay Policies: Turn off Autoplay,Registry,,HKLM:\Software\Microsoft\Windows\CurrentVersion\Policies\Explorer,NoDriveTypeAutoRun,,,,0,255,=,Medium
18.9.10.1.1,Administrative Templates: Windows Components,Biometrics: Facial Features: Configure enhanced anti-spoofing,Registry,,HKLM:\SOFTWARE\Policies\Microsoft\Biometrics\FacialFeatures,EnhancedAntiSpoofing,,,,,1,=,Medium
18.9.12.1,Administrative Templates: Windows Components,Camera: Allow Use of Camera,Registry,,HKLM:\SOFTWARE\Policies\Microsoft\Camera,AllowCamera,,,,1,0,=,Medium
18.9.14.1,Administrative Templates: Windows Components,Cloud Content: Turn off cloud consumer account state content,Registry,,HKLM:\Software\Policies\Microsoft\Windows\CloudContent,DisableConsumerAccountStateContent,,,,,1,=,Medium
18.9.14.2,Administrative Templates: Windows Components,Cloud Content: Turn off Microsoft consumer experiences,Registry,,HKLM:\Software\Policies\Microsoft\Windows\CloudContent,DisableWindowsConsumerFeatures,,,,0,1,=,Medium
18.9.15.1,Administrative Templates: Windows Components,Connect: Require pin for pairing,Registry,,HKLM:\SOFTWARE\Policies\Microsoft\Windows\Connect,RequirePinForPairing,,,,0,1,>=,Medium
18.9.16.1,Administrative Templates: Windows Components,Credential User Interface: Do not display the password reveal button,Registry,,HKLM:\Software\Policies\Microsoft\Windows\CredUI,DisablePasswordReveal,,,,0,1,=,Medium
18.9.16.2,Administrative Templates: Windows Components,Credential User Interface: Enumerate administrator accounts on elevation,Registry,,HKLM:\SOFTWARE\Microsoft\Windows\CurrentVersion\Policies\CredUI,EnumerateAdministrators,,,,1,0,=,Medium
18.9.17.1,Administrative Templates: Windows Components,Data Collection and Preview Builds: Allow Diagnostic Data,Registry,,HKLM:\Software\Policies\Microsoft\Windows\DataCollection,AllowTelemetry,,,,2,1,<=,Medium
18.9.17.2,Administrative Templates: Windows Components,Data Collection and Preview Builds: Configure Authenticated Proxy usage for the Connected User Experience and Telemetry service,Registry,,HKLM:\Software\Policies\Microsoft\Windows\DataCollection,DisableEnterpriseAuthProxy,,,,0,1,=,Medium
18.9.17.3,Administrative Templates: Windows Components,Data Collection and Preview Builds: Disable OneSettings Downloads,Registry,,HKLM:\Software\Policies\Microsoft\Windows\DataCollection,DisableOneSettingsDownloads,,,,,1,=,Medium
18.9.17.4,Administrative Templates: Windows Components,Data Collection and Preview Builds: Do not show feedback notifications,Registry,,HKLM:\Software\Policies\Microsoft\Windows\DataCollection,DoNotShowFeedbackNotifications,,,,0,1,=,Medium
18.9.17.5,Administrative Templates: Windows Components,Data Collection and Preview Builds: Enable OneSettings Auditing,Registry,,HKLM:\Software\Policies\Microsoft\Windows\DataCollection,EnableOneSettingsAuditing,,,,,1,=,Medium
18.9.17.6,Administrative Templates: Windows Components,Data Collection and Preview Builds: Limit Diagnostic Log Collection,Registry,,HKLM:\Software\Policies\Microsoft\Windows\DataCollection,LimitDiagnosticLogCollection,,,,,1,=,Medium
18.9.17.7,Administrative Templates: Windows Components,Data Collection and Preview Builds: Limit Dump Collection,Registry,,HKLM:\Software\Policies\Microsoft\Windows\DataCollection,LimitDumpCollection,,,,,1,=,Medium
18.9.17.8,Administrative Templates: Windows Components,Data Collection and Preview Builds: Toggle user control over Insider builds,Registry,,HKLM:\SOFTWARE\Policies\Microsoft\Windows\PreviewBuilds,AllowBuildPreview,,,,1,0,=,Medium
18.9.27.1.1,Administrative Templates: Windows Components,Event Log Service: Application: Control Event Log behavior when the log file reaches its maximum size,Registry,,HKLM:\Software\Policies\Microsoft\Windows\EventLog\Application,Retention,,,,0,0,=,Medium
18.9.27.1.2,Administrative Templates: Windows Components,Event Log Service: Application: Specify the maximum log file size (KB),Registry,,HKLM:\Software\Policies\Microsoft\Windows\EventLog\Application,MaxSize,,,,4096,32768,>=,Medium
18.9.27.2.1,Administrative Templates: Windows Components,Event Log Service: Security: Control Event Log behavior when the log file reaches its maximum size,Registry,,HKLM:\Software\Policies\Microsoft\Windows\EventLog\Security,Retention,,,,0,0,=,Medium
18.9.27.2.2,Administrative Templates: Windows Components,Event Log Service: Security: Specify the maximum log file size (KB),Registry,,HKLM:\Software\Policies\Microsoft\Windows\EventLog\Security,MaxSize,,,,4096,196608,>=,Medium
18.9.27.3.1,Administrative Templates: Windows Components,Event Log Service: Setup: Control Event Log behavior when the log file reaches its maximum size,Registry,,HKLM:\Software\Policies\Microsoft\Windows\EventLog\Setup,Retention,,,,0,0,=,Medium
18.9.27.3.2,Administrative Templates: Windows Components,Event Log Service: Setup: Specify the maximum log file size (KB),Registry,,HKLM:\Software\Policies\Microsoft\Windows\EventLog\Setup,MaxSize,,,,4096,32768,>=,Medium
18.9.27.4.1,Administrative Templates: Windows Components,Event Log Service: System: Control Event Log behavior when the log file reaches its maximum size,Registry,,HKLM:\Software\Policies\Microsoft\Windows\EventLog\System,Retention,,,,0,0,=,Medium
18.9.27.4.2,Administrative Templates: Windows Components,Event Log Service: System: Specify the maximum log file size (KB),Registry,,HKLM:\Software\Policies\Microsoft\Windows\EventLog\System,MaxSize,,,,4096,32768,>=,Medium
18.9.31.2,Administrative Templates: Windows Components,File Explorer: Turn off Data Execution Prevention for Explorer,Registry,,HKLM:\SOFTWARE\Policies\Microsoft\Windows\Explorer,NoDataExecutionPrevention,,,,0,0,=,Medium
18.9.31.3,Administrative Templates: Windows Components,File Explorer: Turn off heap termination on corruption,Registry,,HKLM:\SOFTWARE\Policies\Microsoft\Windows\Explorer,NoHeapTerminationOnCorruption,,,,0,0,=,Medium
18.9.31.4,Administrative Templates: Windows Components,File Explorer: Turn off shell protocol protected mode,Registry,,HKLM:\SOFTWARE\Microsoft\Windows\CurrentVersion\Policies\Explorer,PreXPSP2ShellProtocolBehavior,,,,0,0,=,Medium
18.9.41.1,Administrative Templates: Windows Components,Location and Sensors: Turn off location,Registry,,HKLM:\SOFTWARE\Policies\Microsoft\Windows\LocationAndSensors,DisableLocation,,,,0,1,=,Medium
18.9.45.1,Administrative Templates: Windows Components,Messaging: Allow Message Service Cloud Sync,Registry,,HKLM:\SOFTWARE\Policies\Microsoft\Windows\Messaging,AllowMessageSync,,,,1,0,=,Medium
18.9.46.1,Administrative Templates: Windows Components,Microsoft account: Block all consumer Microsoft account user authentication,Registry,,HKLM:\SOFTWARE\Policies\Microsoft\MicrosoftAccount,DisableUserAuth,,,,,1,=,Medium
18.9.47.4.1,Microsoft Defender Antivirus,MAPS: Configure local setting override for reporting to Microsoft MAPS,Registry,,HKLM:\SOFTWARE\Policies\Microsoft\Windows Defender\Spynet,LocalSettingOverrideSpynetReporting,,,,,0,=,Medium
18.9.47.4.2,Microsoft Defender Antivirus,MAPS: Join Microsoft MAPS,Registry,,HKLM:\SOFTWARE\Policies\Microsoft\Windows Defender\Spynet,SpynetReporting,,,,0,0,=|0,Medium
18.9.47.5.1.1,Microsoft Defender Exploit Guard,Attack Surface Reduction rules,Registry,,HKLM:\Software\Policies\Microsoft\Windows Defender\Windows Defender Exploit Guard\ASR,ExploitGuard_ASR_Rules,,,,0,1,=,Medium
18.9.47.5.1.2.1.1,Microsoft Defender Exploit Guard,ASR: Block all Office applications from creating child processes (Policy),Registry,,HKLM:\Software\Policies\Microsoft\Windows Defender\Windows Defender Exploit Guard\ASR\rules,d4f940ab-401b-4efc-aadc-ad5f3c50688a,,,,0,1,=,Medium
18.9.47.5.1.2.1.2,Microsoft Defender Exploit Guard,ASR: Block all Office applications from creating child processes,MpPreferenceAsr,d4f940ab-401b-4efc-aadc-ad5f3c50688a,,,,,,0,1,=,Medium
18.9.47.5.1.2.2.1,Microsoft Defender Exploit Guard,ASR: Block Office applications from creating executable content (Policy),Registry,,HKLM:\Software\Policies\Microsoft\Windows Defender\Windows Defender Exploit Guard\ASR\rules,3b576869-a4ec-4529-8536-b80a7769e899,,,,0,1,=,Medium
18.9.47.5.1.2.2.2,Microsoft Defender Exploit Guard,ASR: Block Office applications from creating executable content,MpPreferenceAsr,3b576869-a4ec-4529-8536-b80a7769e899,,,,,,0,1,=,Medium
18.9.47.5.1.2.3.1,Microsoft Defender Exploit Guard,ASR: Block execution of potentially obfuscated scripts (Policy),Registry,,HKLM:\Software\Policies\Microsoft\Windows Defender\Windows Defender Exploit Guard\ASR\rules,5beb7efe-fd9a-4556-801d-275e5ffc04cc,,,,0,1,=,Medium
18.9.47.5.1.2.3.2,Microsoft Defender Exploit Guard,ASR: Block execution of potentially obfuscated scripts,MpPreferenceAsr,5beb7efe-fd9a-4556-801d-275e5ffc04cc,,,,,,0,1,=,Medium
18.9.47.5.1.2.4.1,Microsoft Defender Exploit Guard,ASR: Block Office applications from injecting code into other processes (Policy),Registry,,HKLM:\Software\Policies\Microsoft\Windows Defender\Windows Defender Exploit Guard\ASR\rules,75668c1f-73b5-4cf0-bb93-3ecf5cb7cc84,,,,0,1,=,Medium
18.9.47.5.1.2.4.2,Microsoft Defender Exploit Guard,ASR: Block Office applications from injecting code into other processes,MpPreferenceAsr,75668c1f-73b5-4cf0-bb93-3ecf5cb7cc84,,,,,,0,1,=,Medium
18.9.47.5.1.2.5.1,Microsoft Defender Exploit Guard,ASR: Block Adobe Reader from creating child processes (Policy),Registry,,HKLM:\Software\Policies\Microsoft\Windows Defender\Windows Defender Exploit Guard\ASR\rules,7674ba52-37eb-4a4f-a9a1-f0f9a1619a2c,,,,0,1,=,Medium
18.9.47.5.1.2.5.2,Microsoft Defender Exploit Guard,ASR: Block Adobe Reader from creating child processes,MpPreferenceAsr,7674ba52-37eb-4a4f-a9a1-f0f9a1619a2c,,,,,,0,1,=,Medium
18.9.47.5.1.2.6.1,Microsoft Defender Exploit Guard,ASR: Block Win32 API calls from Office macros (Policy),Registry,,HKLM:\Software\Policies\Microsoft\Windows Defender\Windows Defender Exploit Guard\ASR\rules,92e97fa1-2edf-4476-bdd6-9dd0b4dddc7b,,,,0,1,=,Medium
18.9.47.5.1.2.6.2,Microsoft Defender Exploit Guard,ASR: Block Win32 API calls from Office macros,MpPreferenceAsr,92e97fa1-2edf-4476-bdd6-9dd0b4dddc7b,,,,,,0,1,=,Medium
18.9.47.5.1.2.7.1,Microsoft Defender Exploit Guard,ASR: Block credential stealing from the Windows local security authority subsystem (lsass.exe) (Policy),Registry,,HKLM:\Software\Policies\Microsoft\Windows Defender\Windows Defender Exploit Guard\ASR\rules,9e6c4e1f-7d60-472f-ba1a-a39ef669e4b2,,,,0,1,=,Medium
18.9.47.5.1.2.7.2,Microsoft Defender Exploit Guard,ASR: Block credential stealing from the Windows local security authority subsystem (lsass.exe),MpPreferenceAsr,9e6c4e1f-7d60-472f-ba1a-a39ef669e4b2,,,,,,0,1,=,Medium
18.9.47.5.1.2.8.1,Microsoft Defender Exploit Guard,ASR: Block untrusted and unsigned processes that run from USB (Policy),Registry,,HKLM:\Software\Policies\Microsoft\Windows Defender\Windows Defender Exploit Guard\ASR\rules,b2b3f03d-6a65-4f7b-a9c7-1c7ef74a9ba4,,,,0,1,=,Medium
18.9.47.5.1.2.8.2,Microsoft Defender Exploit Guard,ASR: Block untrusted and unsigned processes that run from USB,MpPreferenceAsr,b2b3f03d-6a65-4f7b-a9c7-1c7ef74a9ba4,,,,,,0,1,=,Medium
18.9.47.5.1.2.9.1,Microsoft Defender Exploit Guard,ASR: Block executable content from email client and webmail (Policy),Registry,,HKLM:\Software\Policies\Microsoft\Windows Defender\Windows Defender Exploit Guard\ASR\rules,be9ba2d9-53ea-4cdc-84e5-9b1eeee46550,,,,0,1,=,Medium
18.9.47.5.1.2.9.2,Microsoft Defender Exploit Guard,ASR: Block executable content from email client and webmail,MpPreferenceAsr,be9ba2d9-53ea-4cdc-84e5-9b1eeee46550,,,,,,0,1,=,Medium
18.9.47.5.1.2.10.1,Microsoft Defender Exploit Guard,ASR: Block JavaScript or VBScript from launching downloaded executable content (Policy),Registry,,HKLM:\Software\Policies\Microsoft\Windows Defender\Windows Defender Exploit Guard\ASR\rules,d3e037e1-3eb8-44c8-a917-57927947596d,,,,0,1,=,Medium
18.9.47.5.1.2.10.2,Microsoft Defender Exploit Guard,ASR: Block JavaScript or VBScript from launching downloaded executable content,MpPreferenceAsr,d3e037e1-3eb8-44c8-a917-57927947596d,,,,,,0,1,=,Medium
18.9.47.5.1.2.11.1,Microsoft Defender Exploit Guard,ASR: Block Office communication application from creating child processes (Policy),Registry,,HKLM:\Software\Policies\Microsoft\Windows Defender\Windows Defender Exploit Guard\ASR\rules,26190899-1602-49e8-8b27-eb1d0a1ce869,,,,0,1,=,Medium
18.9.47.5.1.2.11.2,Microsoft Defender Exploit Guard,ASR: Block Office communication application from creating child processes,MpPreferenceAsr,26190899-1602-49e8-8b27-eb1d0a1ce869,,,,,,0,1,=,Medium
18.9.47.5.1.2.12.1,Microsoft Defender Exploit Guard,ASR: Block persistence through WMI event subscription (Policy),Registry,,HKLM:\Software\Policies\Microsoft\Windows Defender\Windows Defender Exploit Guard\ASR\rules,e6db77e5-3df2-4cf1-b95a-636979351e5b,,,,0,1,=,Medium
18.9.47.5.1.2.12.2,Microsoft Defender Exploit Guard,ASR: Block persistence through WMI event subscription,MpPreferenceAsr,e6db77e5-3df2-4cf1-b95a-636979351e5b,,,,,,0,1,=,Medium
18.9.47.5.3.1,Microsoft Defender Exploit Guard,Network Protection: Prevent users and apps from accessing dangerous websites,Registry,,HKLM:\SOFTWARE\Policies\Microsoft\Windows Defender\Windows Defender Exploit Guard\Network Protection,EnableNetworkProtection,,,,,1,=,Medium
18.9.47.6.1,Microsoft Defender Antivirus,MpEngine: Enable file hash computation feature,Registry,,HKLM:\SOFTWARE\Policies\Microsoft\Windows Defender\MpEngine,EnableFileHashComputation,,,,,1,=,Medium
18.9.47.9.1,Microsoft Defender Antivirus,Real-time Protection: Scan all downloaded files and attachments,Registry,,HKLM:\Software\Policies\Microsoft\Windows Defender\Real-Time Protection,DisableIOAVProtection,,,,0,0,=,Medium
18.9.47.9.2,Microsoft Defender Antivirus,Real-time Protection: Turn off real-time protection,Registry,,HKLM:\Software\Policies\Microsoft\Windows Defender\Real-Time Protection,DisableRealtimeMonitoring,,,,0,0,=,Medium
18.9.47.9.3,Microsoft Defender Antivirus,Real-time Protection: Turn on behavior monitoring (Policy),Registry,,HKLM:\SOFTWARE\Policies\Microsoft\Windows Defender\Real-Time Protection,DisableBehaviorMonitoring,,,,0,0,=,Medium
18.9.47.9.4,Microsoft Defender Antivirus,Real-time Protection: Turn on script scanning,Registry,,HKLM:\Software\Policies\Microsoft\Windows Defender\Real-Time Protection,DisableScriptScanning,,,,0,0,=,Medium
18.9.47.11.1,Microsoft Defender Antivirus,Reporting: Configure Watson events,Registry,,HKLM:\SOFTWARE\Policies\Microsoft\Windows Defender\Reporting,DisableGenericRePorts,,,,0,1,=,Medium
18.9.47.12.1,Microsoft Defender Antivirus,Scan: Scan removable drives,Registry,,HKLM:\Software\Policies\Microsoft\Windows Defender\Scan,DisableRemovableDriveScanning,,,,1,0,=,Medium
18.9.47.12.2,Microsoft Defender Antivirus,Scan: Turn on e-mail scanning,Registry,,HKLM:\Software\Policies\Microsoft\Windows Defender\Scan,DisableEmailScanning,,,,1,0,=,Medium
18.9.47.15,Microsoft Defender Antivirus,Configure detection for potentially unwanted applications,Registry,,HKLM:\Software\Policies\Microsoft\Windows Defender,PUAProtection,,,,0,1,=,Medium
18.9.47.16,Microsoft Defender Antivirus,Turn off Microsoft Defender Antivirus,Registry,,HKLM:\Software\Policies\Microsoft\Windows Defender,DisableAntiSpyware,,,,0,0,=,Medium
18.9.58.1,Administrative Templates: Windows Components,OneDrive: Prevent the usage of OneDrive for file storage,Registry,,HKLM:\Software\Policies\Microsoft\Windows\OneDrive,DisableFileSyncNGSC,,,,0,1,=,Medium
18.9.64.1,Administrative Templates: Windows Components,Push To Install: Turn off Push To Install service,Registry,,HKLM:\SOFTWARE\Policies\Microsoft\PushToInstall,DisablePushToInstall,,,,,1,=,Medium
18.9.65.2.2,Administrative Templates: Windows Components,Remote Desktop Connection Client: Do not allow passwords to be saved,Registry,,HKLM:\SOFTWARE\Policies\Microsoft\Windows NT\Terminal Services,DisablePasswordSaving,,,,0,1,=,Medium
18.9.65.3.2.1,Administrative Templates: Windows Components,Remote Desktop Session Host: Connections: Restrict Remote Desktop Services users to a single Remote Desktop Services session,Registry,,HKLM:\SOFTWARE\Policies\Microsoft\Windows NT\Terminal Services,fSingleSessionPerUser,,,,1,1,=,Medium
18.9.65.3.3.1,Administrative Templates: Windows Components,Remote Desktop Session Host: Device and Resource Redirection: Allow UI Automation redirection,Registry,,HKLM:\SOFTWARE\Policies\Microsoft\Windows NT\Terminal Services,EnableUiaRedirection,,,,,0,=,Medium
18.9.65.3.3.2,Administrative Templates: Windows Components,Remote Desktop Session Host: Device and Resource Redirection: Do not allow COM port redirection,Registry,,HKLM:\SOFTWARE\Policies\Microsoft\Windows NT\Terminal Services,fDisableCcm,,,,0,1,=,Medium
18.9.65.3.3.3,Administrative Templates: Windows Components,Remote Desktop Session Host: Device and Resource Redirection: Do not allow drive redirection,Registry,,HKLM:\SOFTWARE\Policies\Microsoft\Windows NT\Terminal Services,fDisableCdm,,,,0,1,=,Medium
18.9.65.3.3.4,Administrative Templates: Windows Components,Remote Desktop Session Host: Device and Resource Redirection: Do not allow location redirection,Registry,,HKLM:\SOFTWARE\Policies\Microsoft\Windows NT\Terminal Services,fDisableLocationRedir,,,,,1,=,Medium
18.9.65.3.3.5,Administrative Templates: Windows Components,Remote Desktop Session Host: Device and Resource Redirection: Do not allow LPT port redirection,Registry,,HKLM:\SOFTWARE\Policies\Microsoft\Windows NT\Terminal Services,fDisableLPT,,,,0,1,=,Medium
18.9.65.3.3.6,Administrative Templates: Windows Components,Remote Desktop Session Host: Device and Resource Redirection: Do not allow supported Plug and Play device redirection,Registry,,HKLM:\SOFTWARE\Policies\Microsoft\Windows NT\Terminal Services,fDisablePNPRedir,,,,0,1,=,Medium
18.9.65.3.9.1,Administrative Templates: Windows Components,Remote Desktop Session Host: Security: Always prompt for password upon connection,Registry,,HKLM:\SOFTWARE\Policies\Microsoft\Windows NT\Terminal Services,fPromptForPassword,,,,0,1,=,Medium
18.9.65.3.9.2,Administrative Templates: Windows Components,Remote Desktop Session Host: Security: Require secure RPC communication,Registry,,HKLM:\SOFTWARE\Policies\Microsoft\Windows NT\Terminal Services,fEncryptRPCTraffic,,,,0,1,=,Medium
18.9.65.3.9.3,Administrative Templates: Windows Components,Remote Desktop Session Host: Security: Require use of specific security layer for remote (RDP) connections,Registry,,HKLM:\SOFTWARE\Policies\Microsoft\Windows NT\Terminal Services,SecurityLayer,,,,0,2,=,Medium
18.9.65.3.9.4,Administrative Templates: Windows Components,Remote Desktop Session Host: Security: Require user authentication for remote connections by using Network Level Authentication,Registry,,HKLM:\SOFTWARE\Policies\Microsoft\Windows NT\Terminal Services,UserAuthentication,,,,0,1,=,Medium
18.9.65.3.9.5,Administrative Templates: Windows Components,Remote Desktop Session Host: Security: Set client connection encryption level,Registry,,HKLM:\SOFTWARE\Policies\Microsoft\Windows NT\Terminal Services,MinEncryptionLevel,,,,0,3,=,Medium
18.9.65.3.10.1,Administrative Templates: Windows Components,Remote Desktop Session Host: Session Time Limits: Set time limit for active but idle Remote Desktop Services sessions,Registry,,HKLM:\SOFTWARE\Policies\Microsoft\Windows NT\Terminal Services,MaxIdleTime,,,,0,900000,<=!0,Medium
18.9.65.3.10.2,Administrative Templates: Windows Components,Remote Desktop Session Host: Session Time Limits: Set time limit for disconnected sessions,Registry,,HKLM:\SOFTWARE\Policies\Microsoft\Windows NT\Terminal Services,MaxDisconnectionTime,,,,0,60000,=,Medium
18.9.65.3.11.1,Administrative Templates: Windows Components,Remote Desktop Session Host: Temporary folders: Do not delete temp folders upon exit,Registry,,HKLM:\SOFTWARE\Policies\Microsoft\Windows NT\Terminal Services,DeleteTempDirsOnExit,,,,1,1,=,Medium
18.9.65.3.11.2,Administrative Templates: Windows Components,Remote Desktop Session Host: Temporary folders: Do not use temporary folders per session,Registry,,HKLM:\SOFTWARE\Policies\Microsoft\Windows NT\Terminal Services,PerSessionTempDir,,,,1,1,=,Medium
18.9.66.1,Administrative Templates: Windows Components,RSS Feeds: Prevent downloading of enclosures,Registry,,HKLM:\Software\Policies\Microsoft\Internet Explorer\Feeds,DisableEnclosureDownload,,,,0,1,=,Medium
18.9.67.2,Administrative Templates: Windows Components,Search: Allow Cloud Search,Registry,,HKLM:\SOFTWARE\Policies\Microsoft\Windows\Windows Search,AllowCloudSearch,,,,1,0,=,Medium
18.9.67.3,Administrative Templates: Windows Components,Search: Allow indexing of encrypted files,Registry,,HKLM:\SOFTWARE\Policies\Microsoft\Windows\Windows Search,AllowIndexingEncryptedStoresOrItems,,,,1,0,=,Medium
18.9.72.1,Administrative Templates: Windows Components,Software Protection Platform: Turn off KMS Client Online AVS Validation,Registry,,HKLM:\SOFTWARE\Policies\Microsoft\Windows NT\CurrentVersion\Software Protection Platform,NoGenTicket,,,,0,1,=,Medium
18.9.85.1.1.1,Administrative Templates: Windows Components,File Explorer: Configure Windows Defender SmartScreen,Registry,,HKLM:\SOFTWARE\Policies\Microsoft\Windows\System,EnableSmartScreen,,,,1,1,=,Medium
18.9.85.1.1.2,Administrative Templates: Windows Components,File Explorer: Configure Windows Defender SmartScreen to warn and prevent bypass,Registry,,HKLM:\SOFTWARE\Policies\Microsoft\Windows\System,ShellSmartScreenLevel,,,,Warn,Block,=,Medium
18.9.89.1,Administrative Templates: Windows Components,Windows Ink Workspace: Allow suggested apps in Windows Ink Workspace,Registry,,HKLM:\Software\Policies\Microsoft\WindowsInkWorkspace,AllowSuggestedAppsInWindowsInkWorkspace,,,,1,0,=,Medium
18.9.89.2,Administrative Templates: Windows Components,Windows Ink Workspace: Allow Windows Ink Workspace,Registry,,HKLM:\Software\Policies\Microsoft\WindowsInkWorkspace,AllowWindowsInkWorkspace,,,,1,1,<=,Medium
18.9.90.1,Administrative Templates: Windows Components,Windows Installer: Allow user control over installs,Registry,,HKLM:\Software\Policies\Microsoft\Windows\Installer,EnableUserControl,,,,1,0,=,Medium
18.9.90.2,Administrative Templates: Windows Components,Windows Installer: Always install with elevated privileges,Registry,,HKLM:\Software\Policies\Microsoft\Windows\Installer,AlwaysInstallElevated,,,,0,0,=,Medium
18.9.90.3,Administrative Templates: Windows Components,Windows Installer: Prevent Internet Explorer security prompt for Windows Installer scripts,Registry,,HKLM:\Software\Policies\Microsoft\Windows\Installer,SafeForScripting,,,,1,0,=,Medium
18.9.91.1,Administrative Templates: Windows Components,Windows Logon Options: Sign-in and lock last interactive user automatically after a restart,Registry,,HKLM:\SOFTWARE\Microsoft\Windows\CurrentVersion\Policies\System,DisableAutomaticRestartSignOn,,,,0,1,=,Medium
18.9.100.1,PowerShell,Turn on PowerShell Script Block Logging,Registry,,HKLM:\Software\Policies\Microsoft\Windows\PowerShell\ScriptBlockLogging,EnableScriptBlockLogging,,,,0,1,=,Medium
18.9.100.2,PowerShell,Turn on PowerShell Transcription,Registry,,HKLM:\Software\Policies\Microsoft\Windows\PowerShell\Transcription,EnableTranscripting,,,,0,0,=,Medium
18.9.102.1.1,Administrative Templates: Windows Components,WinRM Client: Allow Basic authentication,Registry,,HKLM:\Software\Policies\Microsoft\Windows\WinRM\Client,AllowBasic,,,,1,0,=,Medium
18.9.102.1.2,Administrative Templates: Windows Components,WinRM Client: Allow unencrypted traffic,Registry,,HKLM:\Software\Policies\Microsoft\Windows\WinRM\Client,AllowUnencryptedTraffic,,,,1,0,=,Medium
18.9.102.1.3,Administrative Templates: Windows Components,WinRM Client: Disallow Digest authentication,Registry,,HKLM:\Software\Policies\Microsoft\Windows\WinRM\Client,AllowDigest,,,,1,0,=,Medium
18.9.102.2.1,Administrative Templates: Windows Components,WinRM Service: Allow Basic authentication,Registry,,HKLM:\Software\Policies\Microsoft\Windows\WinRM\Service,AllowBasic,,,,1,0,=,Medium
18.9.102.2.2,Administrative Templates: Windows Components,WinRM Service: Allow remote server management through WinRM,Registry,,HKLM:\Software\Policies\Microsoft\Windows\WinRM\Service,AllowAutoConfig,,,,1,0,=,Medium
18.9.102.2.3,Administrative Templates: Windows Components,WinRM Service: Allow unencrypted traffic,Registry,,HKLM:\Software\Policies\Microsoft\Windows\WinRM\Service,AllowUnencryptedTraffic,,,,1,0,=,Medium
18.9.102.2.4,Administrative Templates: Windows Components,WinRM Service: Disallow WinRM from storing RunAs credentials,Registry,,HKLM:\Software\Policies\Microsoft\Windows\WinRM\Service,DisableRunAs,,,,0,1,=,Medium
18.9.103.1,Administrative Templates: Windows Components,Windows Remote Shell: Allow Remote Shell Access,Registry,,HKLM:\Software\Policies\Microsoft\Windows\WinRM\Service\WinRS,AllowRemoteShellAccess,,,,1,0,=,Medium
18.9.105.2.1,Administrative Templates: Windows Components,App and browser protection: Prevent users from modifying settings,Registry,,HKLM:\SOFTWARE\Policies\Microsoft\Windows Defender Security Center\App and Browser protection,DisallowExploitProtectionOverride,,,,,1,=,Medium
18.9.108.1.1,Administrative Templates: Windows Components,Windows Update: Legacy Policies: No auto-restart with logged on users for scheduled automatic updates installations,Registry,,HKLM:\SOFTWARE\Policies\Microsoft\Windows\WindowsUpdate\Au,NoAutoRebootWithLoggedOnUsers,,,,0,0,=,Medium
18.9.108.2.1,Administrative Templates: Windows Components,Windows Update: Manage end user experience: Configure Automatic Updates,Registry,,HKLM:\SOFTWARE\Policies\Microsoft\Windows\WindowsUpdate\Au,NoAutoUpdate,,,,0,0,=,Medium
18.9.108.2.2,Administrative Templates: Windows Components,Windows Update: Manage end user experience: Configure Automatic Updates: Scheduled install day,Registry,,HKLM:\SOFTWARE\Policies\Microsoft\Windows\WindowsUpdate\Au,ScheduledInstallDay,,,,,0,=,Medium
18.9.108.4.1.1,Administrative Templates: Windows Components,Windows Update: Manage updates offered from Windows Update: Manage preview builds (ManagePreviewBuilds),Registry,,HKLM:\SOFTWARE\Policies\Microsoft\Windows\WindowsUpdate,ManagePreviewBuilds,,,,,1,=,Medium
18.9.108.4.1.2,Administrative Templates: Windows Components,Windows Update: Manage updates offered from Windows Update: Manage preview builds (ManagePreviewBuildsPolicyValue),Registry,,HKLM:\SOFTWARE\Policies\Microsoft\Windows\WindowsUpdate,ManagePreviewBuildsPolicyValue,,,,,0,=,Medium
18.9.108.4.2.1,Administrative Templates: Windows Components,Windows Update: Manage updates offered from Windows Update: Select when Preview Builds and Feature Updates are received (DeferFeatureUpdates),Registry,,HKLM:\SOFTWARE\Policies\Microsoft\Windows\WindowsUpdate,DeferFeatureUpdates,,,,,1,=,Medium
18.9.108.4.2.2,Administrative Templates: Windows Components,Windows Update: Manage updates offered from Windows Update: Select when Preview Builds and Feature Updates are received (BranchReadinessLevel),Registry,,HKLM:\SOFTWARE\Policies\Microsoft\Windows\WindowsUpdate,BranchReadinessLevel,,,,,2,=,Low
18.9.108.4.2.3,Administrative Templates: Windows Components,Windows Update: Manage updates offered from Windows Update: Select when Preview Builds and Feature Updates are received (DeferFeatureUpdatesPeriodInDays),Registry,,HKLM:\SOFTWARE\Policies\Microsoft\Windows\WindowsUpdate,DeferFeatureUpdatesPeriodInDays,,,,,180,>=,Medium
18.9.108.4.3.1,Administrative Templates: Windows Components,Windows Update: Manage updates offered from Windows Update: Select when Quality Updates are received (DeferQualityUpdates),Registry,,HKLM:\SOFTWARE\Policies\Microsoft\Windows\WindowsUpdate,DeferQualityUpdates,,,,,1,=,Medium
18.9.108.4.3.2,Administrative Templates: Windows Components,Windows Update: Manage updates offered from Windows Update: Select when Quality Updates are received (DeferQualityUpdatesPeriodInDays),Registry,,HKLM:\SOFTWARE\Policies\Microsoft\Windows\WindowsUpdate,DeferQualityUpdatesPeriodInDays,,,,,0,=,Medium
